title,url,discounted_price,original_price
50 x Medical Disposable Face Mouth Mask 95% Filtration CE FDA HHI-582255,https://www.tinydeal.com/50-x-medical-disposable-face-mouth-mask-95-filtration-ce-fda-p-200376.html,$17.50,$33.88 
Transparent Anti Droplet Dust-proof Medical Face Shield Face Cover Mask HHI-581539,https://www.tinydeal.com/transparent-anti-droplet-dust-proof-medical-face-shield-face-cover-mask-p-200336.html,$2.79,$3.44 
10 x Transparent Anti Droplet Dust-proof Medical Face Shield Face Cover Mask KB-581546,https://www.tinydeal.com/10-x-transparent-anti-droplet-dust-proof-medical-face-shield-face-cover-mask-p-200338.html,$13.66,$24.33 
Mini Airtight Sealer Machine for Plastic Bag - Assorted Color HLI-48626,https://www.tinydeal.com/mini-airtight-sealer-machine-for-plastic-bag-assorted-color-p-39392.html,$2.27,$5.79 
GM320 Infrared Thermometer Non-Contact Laser Gun IR Thermometer EDT-528767,https://www.tinydeal.com/gm320-infrared-thermometer-non-contact-laser-gun-ir-thermometer-p-165306.html,$16.77,$18.72 
TWS F9 Bluetooth Earphone Touch Wireless Headphones 8D Stereo Sports Earbuds EEP-582910,https://www.tinydeal.com/tws-f9-bluetooth-earphone-touch-wireless-headphones-8d-stereo-sports-earbuds-p-200780.html,$11.93,$23.74 
Infrared Non-Contact Forehead Thermometer for Fever Check HHIHE-580934,https://www.tinydeal.com/infrared-non-contact-forehead-thermometer-for-fever-check-p-200328.html,$43.48,$71.04 
Smart Bracelet Watch Fitness Bracelet Pedometer Heart Rate Monitor Waterproof E-583049,https://www.tinydeal.com/smart-bracelet-watch-fitness-bracelet-pedometer-heart-rate-monitor-waterproof-p-200803.html,$11.31,$14.70 
3 in 1 Cable Nylon-Coating Fast Charging 8Pin Type-C Micro-USB EPA-530685,https://www.tinydeal.com/3-in-1-cable-nylon-coating-fast-charging-8pin-type-micro-usb-p-165980.html,$2.50,$4.32 
1/2/5/10 pcs Snore Stopper Silicone Nose Clip Sleeping Device BKH-531636,https://www.tinydeal.com/12510-pcs-snore-stopper-silicone-nose-clip-sleeping-device-p-166268.html,$1.22,$3.66 
Light Controlled Square LED Wall Night Lamp Bedroom Night Light HLT-506114,https://www.tinydeal.com/light-controlled-square-led-wall-night-lamp-bedroom-night-light-p-158312.html,$2.29,$5.24 
Portable Mini LCD Digital Tyre Tire Pressure Gauge Tester CTL-27481,https://www.tinydeal.com/portable-mini-lcd-digital-tyre-tire-pressure-gauge-tester-p-23322.html,$3.35,$3.88 
DUBERY Vintage Sunglasses Polarized Men's Sun Glasses For Men S-580871,https://www.tinydeal.com/dubery-vintage-sunglasses-polarized-mens-sun-glasses-for-men-p-200631.html,$6.25,$8.12 
Silicone Nipple Cover Stickers Adhesive Bra Reusable Invisible Nipple Cover HHI-550767,https://www.tinydeal.com/silicone-nipple-cover-stickers-adhesive-bra-reusable-invisible-nipple-cover-p-175493.html,$1.97,$2.37 
1 Pair of Silicone Magnetic Losing Weight Toe Rings HBI-13397,https://www.tinydeal.com/1-pair-of-silicone-magnetic-losing-weight-toe-rings-p-12727.html,$1.05,$3.22 
Xiaomi Mijia iHealth Thermometer LED Non Contact Digital Infrared Forehead Body RTH-575855,https://www.tinydeal.com/xiaomi-mijia-ihealth-thermometer-led-non-contact-digital-infrared-forehead-body-p-200865.html,$28.26,$36.74 
5 LED Water Resistant USB Rechargeable LED Bike Tail Light RTH-555898,https://www.tinydeal.com/5-led-water-resistant-usb-rechargeable-led-bike-tail-light-p-177336.html,$2.91,$5.24 
Teeth Whitening Pen Tooth Gel Whitener Bleach HBI-113105,https://www.tinydeal.com/teeth-whitening-pen-tooth-gel-whitener-bleach-p-66709.html,$2.12,$5.88 
Android Robot Shaped Micro USB to USB 2.0 Host OTG Adapter ECACR-487310,https://www.tinydeal.com/android-robot-shaped-micro-usb-to-usb-20-host-otg-adapter-p-157418.html,$1.03,$2.70 
Mini Video Capture Card USB 2.0 HDMI Video Grabber Record Box for PS4 Game DVD HHIHE-583000,https://www.tinydeal.com/mini-video-capture-card-usb-20-hdmi-video-grabber-record-box-for-ps4-game-dvd-p-200736.html,$9.69,$21.51 
XIAOMI MIJIA Microhoo Mini Air Conditioner Fan Personal Portable USB Air Cooler HHIHE-582526,https://www.tinydeal.com/xiaomi-mijia-microhoo-mini-air-conditioner-fan-personal-portable-usb-air-cooler-p-200948.html,$60.02,$72.02 
Funlife 12pcs / set Green Crystal Three-dimensional Wall Stickers Mirror HHI-562368,https://www.tinydeal.com/funlife-12pcs-set-green-crystal-three-dimensional-wall-stickers-mirror-p-179148.html,$2.26,$6.79 
IP67 P8 Smart Watch Wristband Men Women Monitor Smartwatch Tracker For Phone E-580457,https://www.tinydeal.com/ip67-p8-smart-watch-wristband-men-women-monitor-smartwatch-tracker-for-phone-p-200649.html,$18.52,$36.34 
Detachable Baseball Protective Clear Face mask Cap Anti-Splash Hat S-581830,https://www.tinydeal.com/detachable-baseball-protective-clear-face-mask-cap-anti-splash-hat-p-200362.html,$3.06,$3.69 
T10 Bluetooth Headsets Wireless Earbuds 5.0 TWS Earphone EEP-581913,https://www.tinydeal.com/t10-bluetooth-headsets-wireless-earbuds-50-tws-earphone-p-200802.html,$13.21,$25.40 
Fsat Quick Charge 3.0 4.0 QC3.0 Fast Charging Tablet Wall Adapter HHITH-582324,https://www.tinydeal.com/fsat-quick-charge-30-40-qc30-fast-charging-tablet-wall-adapter-p-201049.html,$3.70,$6.67 
Multifunction USB 2.0 M2/ TF Card Reader w/ Lanyard CCR-85173,https://www.tinydeal.com/multifunction-usb-20-m2-tf-card-reader-w-lanyard-p-57252.html,$1.55,$1.66 
0.25W Intelligent Cabinet Sensor Lights HHI-546845,https://www.tinydeal.com/025w-intelligent-cabinet-sensor-lights-p-174242.html,$1.93,$5.22 
8mm Intelligent Thermometer Temperature Measuring Ring HHI-566384,https://www.tinydeal.com/8mm-intelligent-thermometer-temperature-measuring-ring-p-181149.html,$1.48,$6.57 
3.5mm Stereo Woven Fiber Cloth Line Headset EDT-556403,https://www.tinydeal.com/35mm-stereo-woven-fiber-cloth-line-headset-p-178024.html,$1.54,$4.85 
90*30cm Ice Towel Instant Cooling Towel Heat Relief Reusable Chill Cool Towel HHI-549301,https://www.tinydeal.com/9030cm-ice-towel-instant-cooling-towel-heat-relief-reusable-chill-cool-towel-p-174936.html,$2.17,$2.60 
DUBERY Polarized Sunglasses Men's Driving Shades Male Sun Glasses S-580864,https://www.tinydeal.com/dubery-polarized-sunglasses-mens-driving-shades-male-sun-glasses-p-200630.html,$5.83,$15.03 
DC 12V 45cm 45-SMD 1210 LED Flexible Waterproof Car Strip Light RLT-274929,https://www.tinydeal.com/dc-12v-45cm-45-smd-1210-led-flexible-waterproof-car-strip-light-p-118388.html,$1.27,$2.28 
2.4GHz 1600dpi Wireless Optical Mouse Mice CMS-11833-C3,https://www.tinydeal.com/24ghz-1600dpi-wireless-optical-mouse-mice-p-168444.html,$3.54,$6.79 
Baellerry Men Wallets PU Leather Solid Luxury Slim Short Credit Card Holder HHI-582256,https://www.tinydeal.com/baellerry-men-wallets-pu-leather-solid-luxury-slim-short-credit-card-holder-p-200737.html,$3.68,$20.26 
Car Paint Scratches Repair Pen Brush Waterproof Paint Marker Pen Car Maintain RTH-571469,https://www.tinydeal.com/car-paint-scratches-repair-pen-brush-waterproof-paint-marker-pen-car-maintain-p-182211.html,$1.57,$4.82 
Anti-droplets Hat Detachable Design Clear Facial Mask Outdoor Protector Sun Hat EEP-583095,https://www.tinydeal.com/anti-droplets-hat-detachable-design-clear-facial-mask-outdoor-protector-sun-hat-p-200783.html,$6.94,$10.95 
S03 Smart Watch Waterproof Activity Tracker Smart Band Bracelet E-582866,https://www.tinydeal.com/s03-smart-watch-waterproof-activity-tracker-smart-band-bracelet-p-200781.html,$11.81,$23.74 
Universal 6'' Phone Lanyard Necklace & Wrist Strap Card Bag Holder w Lanyard HHITH-543753,https://www.tinydeal.com/universal-6-phone-lanyard-necklace-wrist-strap-card-bag-holder-w-lanyard-p-172964.html,$2.05,$3.06 
Hook Clip-on Rear Bike Seat Light Warning Lamp STH-548943,https://www.tinydeal.com/hook-clip-on-rear-bike-seat-light-warning-lamp-p-174917.html,$2.59,$14.35 
NAVIFORCE NF9161 Men's Watches Top Luxury Brand Analog Stainless Steel WWT-580848,https://www.tinydeal.com/naviforce-nf9161-mens-watches-top-luxury-brand-analog-stainless-steel-p-200814.html,$18.58,$33.44 
Stainless Steel Vacuum Sealed Red Wine Bottle Stopper Spout HKI-507455,https://www.tinydeal.com/stainless-steel-vacuum-sealed-red-wine-bottle-stopper-spout-p-158461.html,$2.56,$2.91 
Xiaomi Turok Steinhardt TS Brand Polarized Stainless Mirror Lenses Sunglasses S-582106,https://www.tinydeal.com/xiaomi-turok-steinhardt-ts-brand-polarized-stainless-mirror-lenses-sunglasses-p-200936.html,$19.99,$33.98 
Outdoor Lights Solar Powered LED Wall Lamp Porch Lights Sensor Motion Sensor HSI-582757,https://www.tinydeal.com/outdoor-lights-solar-powered-led-wall-lamp-porch-lights-sensor-motion-sensor-p-201016.html,$8.07,$14.53 
2in1 Electric Mosquito Swatter Dispeller /Mosquito Killer Lamp USB Charging HHIHE-582871,https://www.tinydeal.com/2in1-electric-mosquito-swatter-dispeller-mosquito-killer-lamp-usb-charging-p-200982.html,$27.45,$49.40 
Xiaomi 3D Men Electric Shaver Razor Enchen BlackStone3 IPX7 Waterproof HHI-580937,https://www.tinydeal.com/xiaomi-3d-men-electric-shaver-razor-enchen-blackstone3-ipx7-waterproof-p-200797.html,$23.99,$28.79 
Waterproof Reusable Rain Shoes Covers Rubber Slip-Resistant Rain Boot Overshoes S-557900,https://www.tinydeal.com/waterproof-reusable-rain-shoes-covers-rubber-slip-resistant-rain-boot-overshoes-p-179875.html,$3.61,$6.79 
1/2 pcs Mini Camera SQ11 Night Vision FOV140 1080P DV Video Recorder ECM-533708,https://www.tinydeal.com/12-pcs-mini-camera-sq11-night-vision-fov140-1080p-dv-video-recorder-p-168604.html,$7.53,$12.04 
Men Shoulder Bag iPad Large PU Leather Crossbody Business Travel Handbag HHI-583042,https://www.tinydeal.com/men-shoulder-bag-ipad-large-pu-leather-crossbody-business-travel-handbag-p-200788.html,$18.89,$36.54 
Neoprene Short Beach Socks Diving Socks Non-Slip Antiskid Scuba Dive Boots SGD-548443,https://www.tinydeal.com/neoprene-short-beach-socks-diving-socks-non-slip-antiskid-scuba-dive-boots-p-174657.html,$3.37,$3.76 
2PCs Wristbands Sport Sweatband Hand Band Sweat Wrist Support Brace Wrist Guards S-549945,https://www.tinydeal.com/2pcs-wristbands-sport-sweatband-hand-band-sweat-wrist-support-brace-wrist-guards-p-175242.html,$2.04,$3.68 
Silicone Stretch Lids Food Saver Covers Set – 6pcs HKI-550666,https://www.tinydeal.com/silicone-stretch-lids-food-saver-covers-set-–-6pcs-p-175450.html,$4.86,$6.79 
Smart Whistle LED Key Finder Ring Chain Mini Light HHI-521830,https://www.tinydeal.com/smart-whistle-led-key-finder-ring-chain-mini-light-p-162491.html,$1.77,$1.93 
X96Q Android 10.0 TV Box Quad Core Allwinner H313 4K TV Box 2GB RAM 16GB ROM E-581778,https://www.tinydeal.com/x96q-android-100-tv-box-quad-core-allwinner-h313-4k-tv-box-2gb-ram-16gb-rom-p-201107.html,$30.79,$43.10 
Fascia Gun Muscle Massage Gun Fitness Decompose Lactic Acid Relief Pain Relax HHI-581942,https://www.tinydeal.com/fascia-gun-muscle-massage-gun-fitness-decompose-lactic-acid-relief-pain-relax-p-200720.html,$48.45,$87.21 
Compression Socks for Man Woman STH-563907,https://www.tinydeal.com/compression-socks-for-man-woman-p-180225.html,$2.72,$6.38 
